category,total_sales
Technology,827455.8729999965
Furniture,728658.5756999997
Office Supplies,705422.3340000033
