region,total_sales
West,710219.6845000003
East,669518.7259999984
Central,492646.9132000005
South,389151.4590000004
