customer_name,total_sales
Sean Miller,25043.05
Tamara Chand,19052.217999999997
Raymond Buch,15117.339
Tom Ashbrook,14595.62
Adrian Barton,14473.570999999998
Ken Lonsdale,14175.229
Sanjit Chand,14142.333999999999
Hunter Lopez,12873.297999999999
Sanjit Engle,12209.438000000002
Christopher Conant,12129.072
